,Hadoop,Spark,Zookeeper,BGL,Thunderbird,Windows,Linux,Android,HealthApp,Apache,Proxifier,OpenSSH,OpenStack,Mac,Average
Group Accuracy,0.7435,0.412,0.8185,0.326,0.2425,0.403,0.3005,0.6985,0.582,1.0,0.0,0.2075,0.4595,0.6555,0.4280625
Parsing Accuracy,0.15,0.348,0.368,0.4465,0.0585,0.1365,0.182,0.4515,0.3475,0.972,0.0,0.3455,0.1455,0.185,0.25853125
Edit distance,17.857,4.5995,6.8715,9.624,12.277,15.8715,11.703,22.5695,8.228,0.418,27.0945,6.504,24.8535,32.0015,12.52953125
