,Spark,Zookeeper,BGL,Thunderbird,Windows,Linux,Android,HealthApp,Apache,Proxifier,OpenSSH,OpenStack,Mac,Average
Group Accuracy,0.412,0.8185,0.287,0.2425,0.403,0.3005,0.7045,0.3405,1.0,0.0,0.203,0.4275,0.651,0.361875
Parsing Accuracy,0.519,0.3895,0.109,0.0785,0.1365,0.1815,0.3805,0.3345,0.6875,0.0,0.345,0.1085,0.185,0.2159375
Edit distance,3.749,6.4885,11.68,8.8055,14.6395,9.239,25.127,13.3935,10.3755,35.3455,7.9255,27.3065,30.968,12.8151875
