,Hadoop,Spark,Zookeeper,BGL,Thunderbird,Windows,Linux,Android,HealthApp,Apache,Proxifier,OpenSSH,OpenStack,Mac,Average
Group Accuracy,0.7435,0.412,0.8185,0.326,0.2425,0.403,0.3005,0.7585,0.582,1.0,0.0,0.206,0.4595,0.6555,0.43171875000000004
Parsing Accuracy,0.4485,0.519,0.368,0.484,0.08,0.1365,0.1815,0.622,0.3565,0.972,0.0005,0.3455,0.1565,0.194,0.30403125000000003
Edit distance,7.2115,3.8075,6.5145,9.3705,8.66,14.6215,8.6645,19.8035,8.128,0.418,30.7885,6.5175,22.7745,29.431,11.0444375
