,BGL,Average
Group Accuracy,0.287,0.287
Parsing Accuracy,0.109,0.109
Edit distance,11.68,11.68
unseen_PA,0.22727272727272727,0.22727272727272727
no_unseen,44.0,44.0
