,BGL,Thunderbird,Android,Average
Group Accuracy,0.287,0.2425,0.7045,0.41133333333333333
Parsing Accuracy,0.109,0.0785,0.3805,0.18933333333333335
Edit distance,11.68,8.8055,25.127,15.204166666666666
unseen_PA,0.22727272727272727,0.5473684210526316,0.43137254901960786,0.40200456578165555
no_unseen,44.0,95.0,51.0,63.333333333333336
