,Hadoop,Spark,Zookeeper,BGL,HPC,Thunderbird,Windows,Average
Group Accuracy,0.468,0.1395,0.739,0.296,0.8485,0.6355,0.4055,0.22075
Parsing Accuracy,0.1415,0.314,0.2,0.171,0.6995,0.3275,0.0125,0.11662499999999999
Edit distance,12.481,6.1735,6.305,10.316,1.89,11.3505,21.355,4.366937500000001
